,,TNP-4-BSA,TNP-4-BSA,TNP-4-BSA,TNP-4-BSA,TNP-26-BSA,TNP-26-BSA,TNP-26-BSA,TNP-26-BSA
,Replicate,1,2,3,4,1,2,3,4
FcgRIA,TNP-BSA,4,6,8,13,5,8,11,14
FcgRIA,IgG1,34,54,77,115,53,128,115,201
FcgRIA,IgG2,23,29,58,94,64,85,80,150
FcgRIA,IgG3,39,52,86,134,80,103,129,228
FcgRIA,IgG4,33,41,68,105,56,81,108,179
FcgRIIA-Arg,TNP-BSA,10,11,10,10,11,13,10,11
FcgRIIA-Arg,IgG1,79,84,43,43,220,221,129,134
FcgRIIA-Arg,IgG2,18,19,23,23,76,66,75,78
FcgRIIA-Arg,IgG3,165,96,134,136,258,225,321,328
FcgRIIA-Arg,IgG4,48,39,16,17,90,104,103,101
FcgRIIA-His,TNP-BSA,4,6,8,12,4,11,19,12
FcgRIIA-His,IgG1,149,319,272,390,288,484,499,756
FcgRIIA-His,IgG2,119,138,180,287,197,257,282,458
FcgRIIA-His,IgG3,194,226,274,461,348,478,543,801
FcgRIIA-His,IgG4,61,92,122,187,236,287,341,597
FcgRIIB,TNP-BSA,4,6,7,11,7,9,22,13
FcgRIIB,IgG1,12,29,44,65,84,186,237,361
FcgRIIB,IgG2,9,14,19,27,60,94,81,158
FcgRIIB,IgG3,37,52,105,197,124,189,300,489
FcgRIIB,IgG4,10,16,34,51,58,98,159,223
FcgRIIIA-Phe,TNP-BSA,8,10,24,20,8,18,70,42
FcgRIIIA-Phe,IgG1,167,375,374,520,468,749,583,918
FcgRIIIA-Phe,IgG2,11,21,43,44,103,109,105,156
FcgRIIIA-Phe,IgG3,294,390,420,636,523,746,772,1029
FcgRIIIA-Phe,IgG4,8,16,43,28,72,96,126,175
FcgRIIIA-Val,TNP-BSA,7,10,13,17,8,23,38,34
FcgRIIIA-Val,IgG1,155,253,430,539,211,318,534,738
FcgRIIIA-Val,IgG2,44,43,87,130,117,105,199,274
FcgRIIIA-Val,IgG3,218,230,482,784,296,364,736,1014
FcgRIIIA-Val,IgG4,114,94,254,339,229,220,462,639